http://www.nature.com/articles/s41598-017-02798-7.pdf,application/pdf
http://www.nature.com/articles/s41598-017-06361-2.pdf,application/pdf
http://www.nature.com/articles/tp2017111.pdf,application/pdf
http://www.nature.com/articles/cdd201732.pdf,application/pdf
http://www.nature.com/articles/sdata201781.pdf,application/pdf
http://www.nature.com/articles/s41598-017-03534-x.pdf,application/pdf
http://www.nature.com/articles/onc2017157.pdf,application/pdf
http://www.nature.com/articles/cddis2017179.pdf,application/pdf
http://www.nature.com/articles/s41598-017-04707-4.pdf,application/pdf
http://www.nature.com/articles/ismej201747.pdf,application/pdf
http://www.nature.com/articles/ng.3844.pdf,application/pdf
http://www.nature.com/articles/s41598-017-06221-z.pdf,application/pdf
http://www.nature.com/articles/nature21715.pdf,application/pdf
http://www.nature.com/articles/s41598-017-07314-5.pdf,application/pdf
http://www.nature.com/articles/ismej201762.pdf,application/pdf
http://www.nature.com/articles/546173a.pdf,application/pdf
http://www.nature.com/articles/s41598-017-08603-9.pdf,application/pdf
http://www.nature.com/articles/cdd201762.pdf,application/pdf
http://www.nature.com/articles/nbt.3772.pdf,application/pdf
http://www.nature.com/articles/nbt.3820.pdf,application/pdf
http://www.nature.com/articles/nm.4346.pdf,application/pdf
http://www.nature.com/articles/srep45753.pdf,application/pdf
http://www.nature.com/articles/s41598-017-06859-9.pdf,application/pdf
http://www.nature.com/articles/ncomms15128.pdf,application/pdf
http://www.nature.com/articles/s41598-017-07910-5.pdf,application/pdf
http://www.nature.com/articles/s41467-017-00050-4.pdf,application/pdf
http://www.nature.com/articles/nbt.3825.pdf,application/pdf
